"package","n_scripts","files"
"DBI",1,"R/domain2/04_landmark_24h_sensitivity.R"
"MASS",7,"R/domain1/empirical/secondary/17_sigclust_like_sensitivity.R; R/domain2/01_locked_label_raw_feature_comparison.R; R/partition/07_mice_primary_pooling_v2.R; R/simulation/core/00_main_S1_S5_formal.R; R/simulation/core/01_S7_discrete_outcome_null_formal.R; R/simulation/core/41_d3r_sim_common_v1.R; R/simulation/sensitivity/SA02_oracle_accuracy_scan_formal.R"
"Matrix",4,"R/domain1/empirical/02_copula_controls_formal.R; R/domain1/empirical/03_gate_detection_surface_formal.R; R/domain1/empirical/04_split_allocation_sensitivity_formal.R; R/domain1/sensitivity/00_d1_current_sensitivity_engine.R"
"RPostgres",1,"R/domain2/04_landmark_24h_sensitivity.R"
"cluster",10,"R/domain1/empirical/secondary/17_sigclust_like_sensitivity.R; R/domain2/01_locked_label_raw_feature_comparison.R; R/partition/07_mice_primary_pooling_v2.R; R/simulation/core/00_main_S1_S5_formal.R; R/simulation/core/01_S7_discrete_outcome_null_formal.R; R/simulation/sensitivity/SA02_oracle_accuracy_scan_formal.R; R/simulation/sensitivity/SA03b_subtype_separation_PAC_assignment_reproducibility.R; R/simulation/sensitivity/SA05_missingness_mechanism_intensity_formal.R; R/simulation/sensitivity/SA06_consensus_algorithm_PAC_stability.R; R/simulation/sensitivity/SA07_GMM_Ward_paired_labels_assignment.R"
"data.table",96,"R/common/cluster_engine.R; R/domain1/empirical/02_copula_controls_formal.R; R/domain1/empirical/03_gate_detection_surface_formal.R; R/domain1/empirical/04_split_allocation_sensitivity_formal.R; R/domain1/empirical/05_cross_stage_comparison_audit.R; R/domain1/empirical/06_lloyd_alignment_comparison_audit.R; R/domain1/empirical/secondary/17_sigclust_like_sensitivity.R; R/domain1/sensitivity/00_d1_current_sensitivity_engine.R; R/domain1/sensitivity/90_build_integrated_scenario_tables.R; R/domain1/sensitivity/91_independent_qc_integrated_outputs.R; R/domain2/01_locked_label_raw_feature_comparison.R; R/domain2/02_imputation_specific_Rubin_sensitivity.R; R/domain2/03_foldwise_full_pipeline_sensitivity.R; R/domain2/04_landmark_24h_sensitivity.R; R/domain2/05_finalize_missing_outputs_v2.R; R/domain2/06_finalize_canonical_outputs_v3.R; R/domain3/deployed_rule/01_assign_L1_without_outcomes.R; R/domain3/deployed_rule/02_fit_L1_label_models.R; R/domain3/deployed_rule/03_bootstrap_and_compare_L1.R; R/domain3/generator/01_build_d3_deployable_generator_v1.R; R/domain3/generator/02_validate_d3_generator_internal_fidelity_v1.R; R/domain3/generator/03_apply_d3_generator_to_eicu_v1.R; R/domain3/generator/04_analyze_d3_generator_transport_v1.R; R/domain3/generator/04b_bootstrap_generator_calibration_v1.R; R/domain3/generator/05_render_d3_generator_outputs_v1.R; R/domain3/generator/06_audit_release_d3_generator_v1.R; R/domain3/historical_recipe/01_external_surrogate_headtohead_current.R; R/domain3/parameter_recovery/01_recover_original_parameters_readonly.R; R/domain3/parameter_recovery/02_decompose_assignment_readonly.R; R/domain3/raw_temperature_completion/scripts/01_restore_and_evaluate_raw.R; R/domain3/raw_temperature_completion/scripts/02_verify_completion.R; R/domain3/raw_temperature_completion/scripts/03_finalize_historical_comparison.R; R/domain3/recalibration/01_recalibrate_hospital_holdout.R; R/domain3/sensitivity/05_eicu_strict_subset_sensitivity_current.R; R/domain3/source_correction/02_assign_corrected_external.R; R/domain3/source_correction/03_predict_corrected_external.R; R/domain3/source_correction/04_bootstrap_corrected_external.R; R/domain3/source_correction/05_recalibrate_corrected_external.R; R/domain3/source_correction/08_prepare_figure4_corrected.R; R/domain3/source_correction/11_transfer_eicu_missing_patterns.R; R/domain4/arm_support/01_compute_empirical_support.R; R/domain4/landmark/38_d4_landmark_support_common_v1.R; R/domain4/posthoc/ablation/no_sofa_20260925/scripts/02_fit_no_sofa.R; R/domain4/posthoc/ablation/no_sofa_20260925/scripts/03_verify_no_sofa.R; R/domain4/posthoc/ablation/scripts/02_build_ablation_labels.R; R/domain4/posthoc/ablation/scripts/03_common_score_and_support.R; R/domain4/posthoc/ablation/scripts/04_verify_comparison.R; R/domain4/posthoc/ablation/scripts/05_landmark_covariate_time_audit.R; R/domain4/posthoc/diuretic_feasibility/scripts/03_check_timing.R; R/partition/01_qc.R; R/partition/02_preprocess_median_for_K_screening.R; R/partition/06_compare_feature_set_partitions.R; R/partition/07_mice_primary_pooling_v2.R; R/partition/08_generate_locked_MICE1_Lloyd_K2_labels.R; R/simulation/core/00_main_S1_S5_formal.R; R/simulation/core/01_S7_discrete_outcome_null_formal.R; R/simulation/core/39_d4_sim_common_v1.R; R/simulation/core/39_d4_support_engine_frozen_v1.R; R/simulation/core/41_d3r_sim_common_v1.R; R/simulation/core/42_d3r_formal_results_audit_v1.R; R/simulation/sensitivity/SA02_oracle_accuracy_scan_formal.R; R/simulation/sensitivity/SA03b_subtype_separation_PAC_assignment_reproducibility.R; R/simulation/sensitivity/SA05_missingness_mechanism_intensity_formal.R; R/simulation/sensitivity/SA06_consensus_algorithm_PAC_stability.R; R/simulation/sensitivity/SA07_GMM_Ward_paired_labels_assignment.R; R/step0/10_table1_mice_local.R; R/step0/11_supplementary_profile_tables.R; R/step0/12_flowchart_mimic.R; R/step0/13_subphenotype_profile.R; R/step0/19_renal_identity_audit.R; R/step0/20_identity_completion.R; R/step0/21_aki_definition_alignment.R; R/step0/22_feature_domain_ablation.R; R/step0/23_loading_formalization.R; R/step0/24_external_identity_eicu.R; R/step0/25_top5_distribution_fidelity.R; R/step0/26_kdigo_stratified_profiles.R; R/step0/27_acid_base_axis_falsification.R; R/step0/28_conditional_axis_and_buncr.R; R/step0/29_step0_to_D2_bridge.R; R/step0/30_step0_to_D2_bridge_label_correction.R; R/step0/31_step0_to_D4_bridge.R; R/step0/32_step0_to_D4_figure_postprocess.R; R/step0/33_KDIGO_criterion_decomposition_locked_K2.R; figures/supplement/R/figures/supplement/SF10_missingness_scenario_ids.R; figures/supplement/R/figures/supplement/SF11_algorithm_scenario_ids.R; figures/supplement/R/figures/supplement/SF12_D3_scenario_ids.R; figures/supplement/R/figures/supplement/SF1_mice_diagnostics_v4_countpanels.R; figures/supplement/R/figures/supplement/SF2_phenotype_harmonization.R; figures/supplement/R/figures/supplement/SF3_D1_lineage_fisher_ecdf_v5.R; figures/supplement/R/figures/supplement/SF4_domain2_label_lineage_v4_countpanels.R; figures/supplement/R/figures/supplement/SF5_external_validation_sensitivity.R; figures/supplement/R/figures/supplement/SF6_domain4_gate_overlap_v4_countpanels.R; figures/supplement/R/figures/supplement/SF7_D1_split_scenario_ids_v4_countpanels.R; figures/supplement/R/figures/supplement/SF8_oracle_accuracy_dose_response.R; figures/supplement/R/figures/supplement/SF9_subtype_separation_reproducibility.R"
"digest",43,"R/domain1/empirical/02_copula_controls_formal.R; R/domain1/empirical/03_gate_detection_surface_formal.R; R/domain1/empirical/04_split_allocation_sensitivity_formal.R; R/domain1/empirical/05_cross_stage_comparison_audit.R; R/domain1/empirical/06_lloyd_alignment_comparison_audit.R; R/domain1/sensitivity/00_d1_current_sensitivity_engine.R; R/domain1/sensitivity/90_build_integrated_scenario_tables.R; R/domain1/sensitivity/91_independent_qc_integrated_outputs.R; R/domain3/deployed_rule/01_assign_L1_without_outcomes.R; R/domain3/deployed_rule/02_fit_L1_label_models.R; R/domain3/deployed_rule/03_bootstrap_and_compare_L1.R; R/domain3/parameter_recovery/01_recover_original_parameters_readonly.R; R/domain3/parameter_recovery/02_decompose_assignment_readonly.R; R/domain3/raw_temperature_completion/scripts/01_restore_and_evaluate_raw.R; R/domain3/raw_temperature_completion/scripts/02_verify_completion.R; R/domain3/recalibration/01_recalibrate_hospital_holdout.R; R/domain3/source_correction/02_assign_corrected_external.R; R/domain3/source_correction/03_predict_corrected_external.R; R/domain3/source_correction/04_bootstrap_corrected_external.R; R/domain3/source_correction/05_recalibrate_corrected_external.R; R/domain3/source_correction/06_funnel_corrected_external.R; R/domain3/source_correction/07_prepare_public_funnel_corrected.R; R/domain3/source_correction/11_transfer_eicu_missing_patterns.R; R/domain4/arm_support/01_compute_empirical_support.R; R/domain4/landmark/38_d4_landmark_support_common_v1.R; R/domain4/posthoc/ablation/no_sofa_20260925/scripts/02_fit_no_sofa.R; R/domain4/posthoc/ablation/no_sofa_20260925/scripts/03_verify_no_sofa.R; R/domain4/posthoc/ablation/scripts/02_build_ablation_labels.R; R/domain4/posthoc/ablation/scripts/03_common_score_and_support.R; R/domain4/posthoc/ablation/scripts/04_verify_comparison.R; R/domain4/posthoc/ablation/scripts/05_landmark_covariate_time_audit.R; R/domain4/posthoc/diuretic_feasibility/scripts/03_check_timing.R; R/simulation/core/39_d4_sim_common_v1.R; R/simulation/core/41_d3r_sim_common_v1.R; R/step0/19_renal_identity_audit.R; R/step0/29_step0_to_D2_bridge.R; R/step0/30_step0_to_D2_bridge_label_correction.R; R/step0/31_step0_to_D4_bridge.R; R/step0/32_step0_to_D4_figure_postprocess.R; R/step0/34_time_origin_locked_K2_audit.R; figures/supplement/R/figures/supplement/SF3_D1_lineage_fisher_ecdf_v5.R; figures/supplement/R/figures/supplement/SF7_D1_split_scenario_ids_v4_countpanels.R; figures/supplement/run_all_supp_figures.R"
"diptest",13,"R/domain1/empirical/02_copula_controls_formal.R; R/domain1/empirical/03_gate_detection_surface_formal.R; R/domain1/empirical/04_split_allocation_sensitivity_formal.R; R/domain1/empirical/secondary/17_sigclust_like_sensitivity.R; R/domain1/sensitivity/00_d1_current_sensitivity_engine.R; R/domain2/01_locked_label_raw_feature_comparison.R; R/partition/07_mice_primary_pooling_v2.R; R/simulation/core/00_main_S1_S5_formal.R; R/simulation/core/01_S7_discrete_outcome_null_formal.R; R/simulation/sensitivity/SA02_oracle_accuracy_scan_formal.R; R/simulation/sensitivity/SA03b_subtype_separation_PAC_assignment_reproducibility.R; R/simulation/sensitivity/SA05_missingness_mechanism_intensity_formal.R; R/simulation/sensitivity/SA06_consensus_algorithm_PAC_stability.R"
"flextable",2,"R/step0/10_table1_mice_local.R; R/step0/11_supplementary_profile_tables.R"
"fpc",1,"R/common/cluster_engine.R"
"future",11,"R/domain1/empirical/03_gate_detection_surface_formal.R; R/domain1/empirical/04_split_allocation_sensitivity_formal.R; R/domain1/sensitivity/00_d1_current_sensitivity_engine.R; R/simulation/core/00_main_S1_S5_formal.R; R/simulation/core/01_S7_discrete_outcome_null_formal.R; R/simulation/core/41b_d3r_sim_execute_v1.R; R/simulation/sensitivity/SA02_oracle_accuracy_scan_formal.R; R/simulation/sensitivity/SA03b_subtype_separation_PAC_assignment_reproducibility.R; R/simulation/sensitivity/SA05_missingness_mechanism_intensity_formal.R; R/simulation/sensitivity/SA06_consensus_algorithm_PAC_stability.R; R/simulation/sensitivity/SA07_GMM_Ward_paired_labels_assignment.R"
"future.apply",8,"R/domain1/empirical/03_gate_detection_surface_formal.R; R/domain1/empirical/04_split_allocation_sensitivity_formal.R; R/domain1/sensitivity/00_d1_current_sensitivity_engine.R; R/simulation/core/41b_d3r_sim_execute_v1.R; R/simulation/sensitivity/SA03b_subtype_separation_PAC_assignment_reproducibility.R; R/simulation/sensitivity/SA05_missingness_mechanism_intensity_formal.R; R/simulation/sensitivity/SA06_consensus_algorithm_PAC_stability.R; R/simulation/sensitivity/SA07_GMM_Ward_paired_labels_assignment.R"
"ggplot2",41,"R/domain1/empirical/02_copula_controls_formal.R; R/domain1/empirical/03_gate_detection_surface_formal.R; R/domain2/03_foldwise_full_pipeline_sensitivity.R; R/domain2/04_landmark_24h_sensitivity.R; R/domain3/generator/05_render_d3_generator_outputs_v1.R; R/domain4/landmark/38f_d4_release_and_manuscript_tables_v1.R; R/simulation/core/00_main_S1_S5_formal.R; R/simulation/core/01_S7_discrete_outcome_null_formal.R; R/simulation/core/39f_d4_sim_figures_tables_v1.R; R/simulation/core/40_d4_sim_operating_characteristics_postprocess_v1.R; R/simulation/core/41c_d3r_sim_postprocess_v1.R; R/simulation/sensitivity/SA02_oracle_accuracy_scan_formal.R; R/simulation/sensitivity/SA03b_subtype_separation_PAC_assignment_reproducibility.R; R/simulation/sensitivity/SA05_missingness_mechanism_intensity_formal.R; R/simulation/sensitivity/SA06_consensus_algorithm_PAC_stability.R; R/simulation/sensitivity/SA07_GMM_Ward_paired_labels_assignment.R; R/step0/11_supplementary_profile_tables.R; R/step0/19_renal_identity_audit.R; R/step0/20_identity_completion.R; R/step0/21_aki_definition_alignment.R; R/step0/22_feature_domain_ablation.R; R/step0/23_loading_formalization.R; R/step0/24_external_identity_eicu.R; R/step0/25_top5_distribution_fidelity.R; R/step0/31_step0_to_D4_bridge.R; R/step0/32_step0_to_D4_figure_postprocess.R; figures/main/scripts/Figure5.R; figures/main/scripts/common.R; figures/supplement/R/figures/00_supplement_theme.R; figures/supplement/R/figures/supplement/SF10_missingness_scenario_ids.R; figures/supplement/R/figures/supplement/SF11_algorithm_scenario_ids.R; figures/supplement/R/figures/supplement/SF12_D3_scenario_ids.R; figures/supplement/R/figures/supplement/SF1_mice_diagnostics_v4_countpanels.R; figures/supplement/R/figures/supplement/SF2_phenotype_harmonization.R; figures/supplement/R/figures/supplement/SF3_D1_lineage_fisher_ecdf_v5.R; figures/supplement/R/figures/supplement/SF4_domain2_label_lineage_v4_countpanels.R; figures/supplement/R/figures/supplement/SF5_external_validation_sensitivity.R; figures/supplement/R/figures/supplement/SF6_domain4_gate_overlap_v4_countpanels.R; figures/supplement/R/figures/supplement/SF7_D1_split_scenario_ids_v4_countpanels.R; figures/supplement/R/figures/supplement/SF8_oracle_accuracy_dose_response.R; figures/supplement/R/figures/supplement/SF9_subtype_separation_reproducibility.R"
"glmnet",13,"R/domain2/01_locked_label_raw_feature_comparison.R; R/domain2/02_imputation_specific_Rubin_sensitivity.R; R/domain2/03_foldwise_full_pipeline_sensitivity.R; R/domain2/04_landmark_24h_sensitivity.R; R/domain3/historical_recipe/01_external_surrogate_headtohead_current.R; R/domain3/sensitivity/05_eicu_strict_subset_sensitivity_current.R; R/partition/07_mice_primary_pooling_v2.R; R/simulation/core/00_main_S1_S5_formal.R; R/simulation/core/01_S7_discrete_outcome_null_formal.R; R/simulation/sensitivity/SA02_oracle_accuracy_scan_formal.R; R/simulation/sensitivity/SA03b_subtype_separation_PAC_assignment_reproducibility.R; R/simulation/sensitivity/SA05_missingness_mechanism_intensity_formal.R; R/simulation/sensitivity/SA06_consensus_algorithm_PAC_stability.R"
"grDevices",2,"R/domain3/generator/05_render_d3_generator_outputs_v1.R; figures/supplement/R/figures/00_supplement_theme.R"
"grid",2,"figures/main/scripts/common.R; figures/supplement/R/figures/00_supplement_theme.R"
"jsonlite",4,"R/domain3/raw_temperature_completion/scripts/01_restore_and_evaluate_raw.R; R/domain3/raw_temperature_completion/scripts/02_verify_completion.R; R/domain3/raw_temperature_completion/scripts/03_finalize_historical_comparison.R; figures/supplement/R/figures/00_supplement_theme.R"
"lme4",1,"R/domain3/source_correction/06_funnel_corrected_external.R"
"magick",4,"R/domain2/05_finalize_missing_outputs_v2.R; R/domain2/06_finalize_canonical_outputs_v3.R; figures/main/scripts/Figure2.R; figures/main/scripts/Figure3.R"
"mclust",15,"R/common/cluster_engine.R; R/domain1/empirical/02_copula_controls_formal.R; R/domain1/empirical/03_gate_detection_surface_formal.R; R/domain1/empirical/04_split_allocation_sensitivity_formal.R; R/domain1/sensitivity/00_d1_current_sensitivity_engine.R; R/domain4/posthoc/ablation/scripts/02_build_ablation_labels.R; R/partition/07_mice_primary_pooling_v2.R; R/simulation/core/00_main_S1_S5_formal.R; R/simulation/core/01_S7_discrete_outcome_null_formal.R; R/simulation/sensitivity/SA02_oracle_accuracy_scan_formal.R; R/simulation/sensitivity/SA03b_subtype_separation_PAC_assignment_reproducibility.R; R/simulation/sensitivity/SA05_missingness_mechanism_intensity_formal.R; R/simulation/sensitivity/SA06_consensus_algorithm_PAC_stability.R; R/simulation/sensitivity/SA07_GMM_Ward_paired_labels_assignment.R; R/step0/19_renal_identity_audit.R"
"mice",18,"R/domain1/empirical/02_copula_controls_formal.R; R/domain1/sensitivity/00_d1_current_sensitivity_engine.R; R/domain2/02_imputation_specific_Rubin_sensitivity.R; R/domain2/03_foldwise_full_pipeline_sensitivity.R; R/domain3/parameter_recovery/01_recover_original_parameters_readonly.R; R/partition/07_mice_primary_pooling_v2.R; R/partition/08_generate_locked_MICE1_Lloyd_K2_labels.R; R/simulation/core/00_main_S1_S5_formal.R; R/simulation/core/01_S7_discrete_outcome_null_formal.R; R/simulation/core/41_d3r_sim_common_v1.R; R/simulation/sensitivity/SA02_oracle_accuracy_scan_formal.R; R/simulation/sensitivity/SA03b_subtype_separation_PAC_assignment_reproducibility.R; R/simulation/sensitivity/SA05_missingness_mechanism_intensity_formal.R; R/simulation/sensitivity/SA06_consensus_algorithm_PAC_stability.R; R/simulation/sensitivity/SA07_GMM_Ward_paired_labels_assignment.R; R/step0/19_renal_identity_audit.R; R/step0/25_top5_distribution_fidelity.R; R/step0/26_kdigo_stratified_profiles.R"
"officer",2,"R/step0/10_table1_mice_local.R; R/step0/11_supplementary_profile_tables.R"
"pROC",10,"R/domain3/historical_recipe/01_external_surrogate_headtohead_current.R; R/domain3/sensitivity/05_eicu_strict_subset_sensitivity_current.R; R/simulation/core/00_main_S1_S5_formal.R; R/simulation/core/01_S7_discrete_outcome_null_formal.R; R/simulation/sensitivity/SA02_oracle_accuracy_scan_formal.R; R/simulation/sensitivity/SA03b_subtype_separation_PAC_assignment_reproducibility.R; R/simulation/sensitivity/SA05_missingness_mechanism_intensity_formal.R; R/simulation/sensitivity/SA06_consensus_algorithm_PAC_stability.R; R/step0/19_renal_identity_audit.R; R/step0/31_step0_to_D4_bridge.R"
"patchwork",22,"R/domain1/empirical/02_copula_controls_formal.R; R/domain1/empirical/03_gate_detection_surface_formal.R; R/domain3/generator/05_render_d3_generator_outputs_v1.R; R/simulation/core/00_main_S1_S5_formal.R; R/simulation/core/01_S7_discrete_outcome_null_formal.R; R/simulation/sensitivity/SA02_oracle_accuracy_scan_formal.R; R/step0/31_step0_to_D4_bridge.R; R/step0/32_step0_to_D4_figure_postprocess.R; figures/main/scripts/common.R; figures/supplement/R/figures/00_supplement_theme.R; figures/supplement/R/figures/supplement/SF10_missingness_scenario_ids.R; figures/supplement/R/figures/supplement/SF11_algorithm_scenario_ids.R; figures/supplement/R/figures/supplement/SF12_D3_scenario_ids.R; figures/supplement/R/figures/supplement/SF1_mice_diagnostics_v4_countpanels.R; figures/supplement/R/figures/supplement/SF2_phenotype_harmonization.R; figures/supplement/R/figures/supplement/SF3_D1_lineage_fisher_ecdf_v5.R; figures/supplement/R/figures/supplement/SF4_domain2_label_lineage_v4_countpanels.R; figures/supplement/R/figures/supplement/SF5_external_validation_sensitivity.R; figures/supplement/R/figures/supplement/SF6_domain4_gate_overlap_v4_countpanels.R; figures/supplement/R/figures/supplement/SF7_D1_split_scenario_ids_v4_countpanels.R; figures/supplement/R/figures/supplement/SF8_oracle_accuracy_dose_response.R; figures/supplement/R/figures/supplement/SF9_subtype_separation_reproducibility.R"
"pdftools",3,"R/domain2/06_finalize_canonical_outputs_v3.R; figures/main/scripts/Figure2.R; figures/main/scripts/Figure3.R"
"pheatmap",1,"R/step0/13_subphenotype_profile.R"
"png",1,"R/domain2/06_finalize_canonical_outputs_v3.R"
"ps",1,"R/domain1/empirical/04_split_allocation_sensitivity_formal.R"
"ragg",3,"R/simulation/core/40_d4_sim_operating_characteristics_postprocess_v1.R; figures/supplement/R/figures/00_supplement_theme.R; figures/supplement/R/figures/supplement/00_count_panel_revision_helpers_v4.R"
"ranger",2,"R/domain3/historical_recipe/01_external_surrogate_headtohead_current.R; R/domain3/sensitivity/05_eicu_strict_subset_sensitivity_current.R"
"scales",11,"figures/supplement/R/figures/supplement/SF10_missingness_scenario_ids.R; figures/supplement/R/figures/supplement/SF11_algorithm_scenario_ids.R; figures/supplement/R/figures/supplement/SF12_D3_scenario_ids.R; figures/supplement/R/figures/supplement/SF1_mice_diagnostics_v4_countpanels.R; figures/supplement/R/figures/supplement/SF2_phenotype_harmonization.R; figures/supplement/R/figures/supplement/SF4_domain2_label_lineage_v4_countpanels.R; figures/supplement/R/figures/supplement/SF5_external_validation_sensitivity.R; figures/supplement/R/figures/supplement/SF6_domain4_gate_overlap_v4_countpanels.R; figures/supplement/R/figures/supplement/SF7_D1_split_scenario_ids_v4_countpanels.R; figures/supplement/R/figures/supplement/SF8_oracle_accuracy_dose_response.R; figures/supplement/R/figures/supplement/SF9_subtype_separation_reproducibility.R"
"splines",2,"R/domain3/recalibration/01_recalibrate_hospital_holdout.R; R/domain3/source_correction/05_recalibrate_corrected_external.R"
"stats",4,"R/simulation/core/00_main_S1_S5_formal.R; R/simulation/core/01_S7_discrete_outcome_null_formal.R; R/simulation/sensitivity/SA02_oracle_accuracy_scan_formal.R; R/simulation/sensitivity/SA07_GMM_Ward_paired_labels_assignment.R"
"svglite",3,"R/simulation/core/40_d4_sim_operating_characteristics_postprocess_v1.R; figures/supplement/R/figures/00_supplement_theme.R; figures/supplement/R/figures/supplement/SF7_D1_split_scenario_ids_v4_countpanels.R"
"xml2",2,"figures/main/scripts/Figure2.R; figures/main/scripts/Figure3.R"
