artifact,sha256
frozen_spec,482CE7F6ED04ED243C4BE5E4B5CC88CDE29CCFAD8BEE79353996C8EEA67C6FD1
legacy_simulation_authority,BE38869826D5C2F738F4A734FD5EA39A483AA980C142A3E64B05BEC848622221
empirical_generator_config,3943EFF6BB2D4340B26A3097D83B09FB020EB4247BAC1DF746912409F4964227
empirical_generator_utils,E05B4551A8DEAD11E07CD8E5B16327AEDD77CDB071CFD830ED1DD72777902E2F
common,5C66E4FBA356E93D3E1EFA90086FAD12F20E2A3B73FE4F26728010A8741D5E4B
freeze,5575973AA1BF145D83D627D7A50933CCF627A90F7ADC36561E3CEF366CF98E6E
execute,A4FB0473815745C55F24AA8B8DC81CD5BA51DFA46ADDBD24CB8C89EB352AE2E3
postprocess,2213521742F72E2E600B0E0681C2B1659A44454F47D938BD864F067EC6F7282A
qc,CA773F189607A8DB1D253E64716FA37EB5E11F52AA5DC5FF4124981B6EF8BAB9
runner,47411B5262495E0BB338D5B3E6323E7862EBD0C427D28D33EAA1B2906E1F9E14
